phase,target_N_star,outer_seed_index,outer_seed_value,inner_seed_value,selected_sensor_ids,selected_sensor_count,selected_sensor_set_hash
1,40,0,3248885389,3400428229,"[""DALBP5360"", ""DBZCJ6205"", ""DCABM0358"", ""DCZQF3538"", ""DDLSL3066"", ""DEVFQ3796"", ""DFVRF7063"", ""DGTDZ6242"", ""DGZUS1041"", ""DHCXV0760"", ""DHNQG0980"", ""DHWLS6819"", ""DIHMX0551"", ""DIIPF3878"", ""DIVZD0266"", ""DJJWX4142"", ""DKDJK5693"", ""DMAFX5938"", ""DMLFU0523"", ""DMLRY2750"", ""DNVBM2851"", ""DPDDG5192"", ""DPNPJ6846"", ""DPPCP3370"", ""DQABT4506"", ""DQGPJ5322"", ""DQZIL1804"", ""DRDMU5348"", ""DRHPF2920"", ""DRQFY3540"", ""DSKDX3738"", ""DSKEW3707"", ""DSMXS8409"", ""DTVYY1142"", ""DWCTD3003"", ""DWMKK1484"", ""DXEMM9791"", ""DXHYE9278"", ""DZBHR9476"", ""DZTFU6199""]",40,2433a9b747ea996c
1,40,1,2958911025,1051732854,"[""DAEXF8484"", ""DAJHM7956"", ""DARLP7776"", ""DAUPG9028"", ""DBIZF0451"", ""DBTKW5792"", ""DCHTB8281"", ""DDGHI0125"", ""DDLSL3066"", ""DDQNT6485"", ""DFFDA0268"", ""DGHRH9009"", ""DGRSB4646"", ""DGTDZ6242"", ""DGTGR9009"", ""DHWLS6819"", ""DIFIV9884"", ""DIQKT3554"", ""DIUDG6358"", ""DIWKR9442"", ""DIZEF3591"", ""DJJVG1917"", ""DJKZD4256"", ""DKISS7174"", ""DLIKU5639"", ""DLZBV6061"", ""DMARJ5120"", ""DPBXQ5234"", ""DPCUT7707"", ""DQZEA3135"", ""DRRDD3500"", ""DRZTP3103"", ""DVCMB9343"", ""DVPZF1960"", ""DWMUZ3935"", ""DWTBM7891"", ""DXHYE9278"", ""DXUQX7513"", ""DYLLV9237"", ""DZIEF7974""]",40,4d8275b8ee3fc963
1,40,2,1293556713,3458180368,"[""DAETQ5676"", ""DAHWZ2321"", ""DATLR2184"", ""DCFVE7122"", ""DDGHI0125"", ""DDQNT6485"", ""DERZJ4600"", ""DEYGE9157"", ""DFKYP0941"", ""DFQDK6326"", ""DHQVH8975"", ""DHZTI7858"", ""DIEET8865"", ""DIFIV9884"", ""DIFPQ7419"", ""DITUY8368"", ""DIUZJ7853"", ""DJSLY4013"", ""DJWGZ0445"", ""DKHYU9123"", ""DKISS7174"", ""DMHRT7456"", ""DNUKL3524"", ""DNVBM2851"", ""DPQLM7176"", ""DPQMK5751"", ""DQVFE3070"", ""DRCQU4244"", ""DRZTP3103"", ""DSKDX3738"", ""DTQTJ0507"", ""DVCHA9392"", ""DVPEA0040"", ""DVWMK9661"", ""DWEWU1433"", ""DWTBK5575"", ""DXEMM9791"", ""DXIGM4223"", ""DXXAJ4778"", ""DYLLV9237""]",40,9e428cbdacc26e61
1,40,3,444323616,1613829595,"[""DAEXF8484"", ""DAHAJ0678"", ""DAJHM7956"", ""DBLXJ4454"", ""DBZCJ6205"", ""DCAFN1583"", ""DCIRD2804"", ""DDGHI0125"", ""DGGGM0466"", ""DHBBM8531"", ""DHIBT9527"", ""DIQKT3554"", ""DIRJX6254"", ""DIUZJ7853"", ""DIXEX6164"", ""DIXUN6634"", ""DJKZD4256"", ""DKHYU9123"", ""DKISS7174"", ""DKNMF4367"", ""DKWDP4373"", ""DLDVK7370"", ""DLJWW1620"", ""DMMRS6981"", ""DMSGP0807"", ""DMYYS7663"", ""DPPCP3370"", ""DQIUL8061"", ""DQUUS8611"", ""DRCSL7614"", ""DRDZF3698"", ""DSKEW3707"", ""DSSQU9498"", ""DTFVD6048"", ""DTYDP5264"", ""DWMLU4849"", ""DXIGM4223"", ""DYZXT2661"", ""DZBHR9476"", ""DZKWB0839""]",40,788d3ca8297804ec
1,40,4,404398974,3474653086,"[""DALUY0194"", ""DAMWS8859"", ""DAREG6245"", ""DBFUZ7169"", ""DBJPV1452"", ""DCQTB2627"", ""DDCVA2276"", ""DEPLW3142"", ""DFAQM2360"", ""DFCTF9310"", ""DFDVG9143"", ""DFFDA0268"", ""DFRKF1779"", ""DGTDZ6242"", ""DGZUS1041"", ""DHUBD2135"", ""DIEET8865"", ""DITUM6528"", ""DIVZD0266"", ""DJJVG1917"", ""DJSLY4013"", ""DKNMF4367"", ""DKRXT7147"", ""DLIKU5639"", ""DNVBM2851"", ""DRDMU5348"", ""DRUBP9408"", ""DSSQU9498"", ""DTQTJ0507"", ""DUGYZ8163"", ""DVWMK9661"", ""DWMUZ3935"", ""DWRMS8182"", ""DXUQX7513"", ""DYLLV9237"", ""DYRMT9480"", ""DYWHJ8696"", ""DZFFW4078"", ""DZFVS4727"", ""DZLAV7766""]",40,c4ef2dbc0fa422e5
1,40,5,806120265,2045356373,"[""DAETQ5676"", ""DAPJK7781"", ""DBFUZ7169"", ""DBIZF0451"", ""DCAFN1583"", ""DCFVE7122"", ""DCZQF3538"", ""DDLSL3066"", ""DDQNT6485"", ""DEVFQ3796"", ""DFFDA0268"", ""DGZGL5338"", ""DHIBT9527"", ""DHJUH1119"", ""DIWKR9442"", ""DKDJK5693"", ""DKNMF4367"", ""DLFZU4679"", ""DLZBV6061"", ""DMARJ5120"", ""DMVDY6300"", ""DNBEB5545"", ""DNFCT5518"", ""DPBXQ5234"", ""DPMHQ8304"", ""DQUUS8611"", ""DQXJA8041"", ""DRJGY6541"", ""DSSQU9498"", ""DTCRA7818"", ""DTUGZ9693"", ""DTVYY1142"", ""DUGYZ8163"", ""DVCHA9392"", ""DVCMB9343"", ""DWEIE9311"", ""DWFRI5691"", ""DWMKK1484"", ""DYGHJ0891"", ""DZCNZ4799""]",40,2e76172f0f94a6f2
1,40,6,591838331,2354244058,"[""DACZY2913"", ""DALBP5360"", ""DAREG6245"", ""DAYYE9472"", ""DBCBA3610"", ""DBIRF2035"", ""DCIJQ7018"", ""DCIRD2804"", ""DCZQF3538"", ""DDGFW8206"", ""DEPLW3142"", ""DERZJ4600"", ""DFAQM2360"", ""DFDFU1164"", ""DFESS1920"", ""DFFDA0268"", ""DFMDU1576"", ""DHCXV0760"", ""DIFIV9884"", ""DIHMX0551"", ""DIWYY0447"", ""DJJWX4142"", ""DJKZD4256"", ""DKNMF4367"", ""DLDVK7370"", ""DLFZU4679"", ""DMAEX1156"", ""DMMAG3845"", ""DMVDY6300"", ""DPMWW4120"", ""DPQLM7176"", ""DPQMK5751"", ""DQVFE3070"", ""DQZEA3135"", ""DRDMU5348"", ""DWEWU1433"", ""DWFRI5691"", ""DWZPM1574"", ""DWZRL1539"", ""DYWWS0378""]",40,bf6984680d7aae8d
1,40,7,4131189213,4131589816,"[""DAETQ5676"", ""DARLP7776"", ""DBIRF2035"", ""DCFVE7122"", ""DCYXM8877"", ""DDCVA2276"", ""DDLSL3066"", ""DEPLW3142"", ""DFRKF1779"", ""DGAID0757"", ""DGRSB4646"", ""DHIBT9527"", ""DHUBD2135"", ""DHZTI7858"", ""DIFPQ7419"", ""DIIPF3878"", ""DIQKT3554"", ""DIWYY0447"", ""DKHYU9123"", ""DKIJX6114"", ""DKISS7174"", ""DLIKU5639"", ""DLZBV6061"", ""DMSGP0807"", ""DQZEA3135"", ""DRCSL7614"", ""DRDZF3698"", ""DRILK5150"", ""DRQFY3540"", ""DRUBP9408"", ""DSHWY2305"", ""DSMXS8409"", ""DVCHA9392"", ""DVWMK9661"", ""DWEIE9311"", ""DWEWU1433"", ""DXUQX7513"", ""DXXAJ4778"", ""DYRMT9480"", ""DZUWB2477""]",40,d3be14bb8a647236
1,40,8,2000491854,2291216870,"[""DAETQ5676"", ""DAMWS8859"", ""DAPBK7657"", ""DAREG6245"", ""DBCBA3610"", ""DBZCJ6205"", ""DDGFW8206"", ""DEJMD2536"", ""DEWGT8066"", ""DFAKZ8204"", ""DFKYH6865"", ""DGGGM0466"", ""DGKDK3415"", ""DGZUS1041"", ""DIQKT3554"", ""DIUDG6358"", ""DKIJX6114"", ""DMAEX1156"", ""DMLRY2750"", ""DNBEB5545"", ""DNFCT5518"", ""DPMHQ8304"", ""DQAJZ3770"", ""DQVGW1846"", ""DRCQU4244"", ""DRHPF2920"", ""DRJPX9457"", ""DSSQU9498"", ""DTQTJ0507"", ""DTYDP5264"", ""DUIZW8642"", ""DUSKD5383"", ""DWBTT8209"", ""DWEIE9311"", ""DXXAJ4778"", ""DYGHJ0891"", ""DYHTK6723"", ""DYSHC8669"", ""DZFFW4078"", ""DZFVS4727""]",40,225bb64be3f74505
1,40,9,3638469498,2426681489,"[""DAETQ5676"", ""DAHAJ0678"", ""DBCBA3610"", ""DBIRF2035"", ""DCRJT8545"", ""DDGFW8206"", ""DEJMD2536"", ""DEWGT8066"", ""DEYGE9157"", ""DFDVG9143"", ""DFIBC1899"", ""DFQDK6326"", ""DGGGM0466"", ""DHBBM8531"", ""DHCXV0760"", ""DIUDG6358"", ""DLUKV4510"", ""DMFEL5431"", ""DMMAG3845"", ""DMYFE2499"", ""DMYYS7663"", ""DNCCJ5144"", ""DNFCT5518"", ""DPMWW4120"", ""DPPCP3370"", ""DQAJZ3770"", ""DQIUL8061"", ""DQZEA3135"", ""DUIZW8642"", ""DUNKA8014"", ""DVNGV1890"", ""DVPEA0040"", ""DVWMK9661"", ""DWCTD3003"", ""DXHYE9278"", ""DXUQX7513"", ""DYRMT9480"", ""DYWHJ8696"", ""DZBHR9476"", ""DZLAV7766""]",40,c336ab90396a97d3
1,40,10,2278955506,4132293029,"[""DAREG6245"", ""DAUPG9028"", ""DBDBP2246"", ""DBFUZ7169"", ""DBIRF2035"", ""DCRJT8545"", ""DCYXM8877"", ""DFAQM2360"", ""DFEAJ0038"", ""DFIRX1818"", ""DGDNA0617"", ""DGZUS1041"", ""DITUY8368"", ""DIZEF3591"", ""DJCYU2364"", ""DJGDZ3688"", ""DJSLY4013"", ""DKHYU9123"", ""DLNMW9381"", ""DMKJB8675"", ""DMLFU0523"", ""DMMRS6981"", ""DNCCJ5144"", ""DNFCT5518"", ""DPMHQ8304"", ""DQABT4506"", ""DQGPJ5322"", ""DQJVA6225"", ""DRDMU5348"", ""DRJGY6541"", ""DRJPX9457"", ""DSHYP2656"", ""DSKDX3738"", ""DSMXS8409"", ""DUNKA8014"", ""DWMUZ3935"", ""DWRMS8182"", ""DXEMM9791"", ""DYHTK6723"", ""DYWEY8508""]",40,32c7794b226180f5
1,40,11,356516506,2667309722,"[""DAEXF8484"", ""DALBP5360"", ""DBMHJ0743"", ""DCFVE7122"", ""DCHTB8281"", ""DCIJQ7018"", ""DCQTB2627"", ""DDGHI0125"", ""DDLSL3066"", ""DEVFQ3796"", ""DFFDA0268"", ""DFIBC1899"", ""DFNBI6922"", ""DFQDK6326"", ""DGRSB4646"", ""DHBBM8531"", ""DIBVR6629"", ""DIVZD0266"", ""DKDJK5693"", ""DKWDP4373"", ""DLTCH1397"", ""DMAFX5938"", ""DMIYV7889"", ""DMLRY2750"", ""DMMRS6981"", ""DMYYS7663"", ""DNUKL3524"", ""DPDDG5192"", ""DPWHE0976"", ""DQABT4506"", ""DRHPF2920"", ""DSKEW3707"", ""DTYDP5264"", ""DUXLQ7589"", ""DVRBW4874"", ""DWEIE9311"", ""DWTBM7891"", ""DZFFW4078"", ""DZIEF7974"", ""DZTFU6199""]",40,eb491b51f54603f1
1,40,12,1386374100,1641076716,"[""DAHWZ2321"", ""DALBP5360"", ""DAREG6245"", ""DARLP7776"", ""DBDSX9338"", ""DDHVZ6546"", ""DFDFU1164"", ""DFFDA0268"", ""DGKDK3415"", ""DHIBT9527"", ""DHQVH8975"", ""DHZTI7858"", ""DIRJX6254"", ""DITUM6528"", ""DIUDG6358"", ""DJCYU2364"", ""DJIHM1001"", ""DJJWX4142"", ""DJSLY4013"", ""DJWGZ0445"", ""DKIJX6114"", ""DKXFR1580"", ""DMIYV7889"", ""DMMRS6981"", ""DMSGP0807"", ""DNBEB5545"", ""DNBKU3560"", ""DQJVA6225"", ""DRJPX9457"", ""DRUBP9408"", ""DUDWN9545"", ""DWMKK1484"", ""DWMUZ3935"", ""DWZRL1539"", ""DXEMM9791"", ""DXIGM4223"", ""DYWHJ8696"", ""DZBKX0961"", ""DZCNZ4799"", ""DZIEF7974""]",40,63284bd667c3e5d2
1,40,13,934321318,18946153,"[""DAEXF8484"", ""DAPBK7657"", ""DAWUS6556"", ""DBTKW5792"", ""DCABM0358"", ""DCHTB8281"", ""DCQTB2627"", ""DCRJT8545"", ""DDCVA2276"", ""DDQNT6485"", ""DEJMD2536"", ""DFESS1920"", ""DFQDK6326"", ""DGTDZ6242"", ""DHCXV0760"", ""DHJUH1119"", ""DIBVR6629"", ""DIUDG6358"", ""DMKJB8675"", ""DMLFU0523"", ""DMLRY2750"", ""DNBEB5545"", ""DNCCJ5144"", ""DPWHE0976"", ""DQABT4506"", ""DQIUL8061"", ""DQUUS8611"", ""DRCSL7614"", ""DRDMU5348"", ""DRDZF3698"", ""DRHPF2920"", ""DRJPX9457"", ""DRRDD3500"", ""DSHWY2305"", ""DTQTJ0507"", ""DVNGV1890"", ""DWGYM0810"", ""DWMUZ3935"", ""DXHYE9278"", ""DZTFU6199""]",40,c90a82a3c9061fe9
1,40,14,185671399,3142552946,"[""DAHAJ0678"", ""DAJHM7956"", ""DAPBK7657"", ""DARLP7776"", ""DAWUS6556"", ""DBCBA3610"", ""DBIRF2035"", ""DBJPV1452"", ""DCIRD2804"", ""DDGHI0125"", ""DDVZB7943"", ""DEVFQ3796"", ""DFMDU1576"", ""DFRSA4000"", ""DGDNA0617"", ""DGGGM0466"", ""DGZUS1041"", ""DHJUH1119"", ""DHNQG0980"", ""DICQL6656"", ""DIHMX0551"", ""DIUZJ7853"", ""DIVZD0266"", ""DIZEF3591"", ""DJGDZ3688"", ""DPMHQ8304"", ""DPQLM7176"", ""DQAJZ3770"", ""DRDZF3698"", ""DRJGY6541"", ""DTUGZ9693"", ""DUXLQ7589"", ""DVCMB9343"", ""DVNGV1890"", ""DWRMS8182"", ""DXHYE9278"", ""DYUGS4351"", ""DYWEY8508"", ""DYWHJ8696"", ""DZCNZ4799""]",40,55f6e2ba83193a08
1,40,15,3791086309,79600266,"[""DAETQ5676"", ""DAHWZ2321"", ""DAMWS8859"", ""DBMHJ0743"", ""DCRJT8545"", ""DFKYH6865"", ""DFRKF1779"", ""DFVRF7063"", ""DGTGR9009"", ""DIBVR6629"", ""DIFIV9884"", ""DIRJX6254"", ""DIUDG6358"", ""DIXEX6164"", ""DIZEF3591"", ""DKHYU9123"", ""DKTWP2892"", ""DLTCH1397"", ""DLUKV4510"", ""DLZBV6061"", ""DMVDY6300"", ""DPBXQ5234"", ""DPQMK5751"", ""DQIUL8061"", ""DQJDZ1252"", ""DQZEA3135"", ""DRJPX9457"", ""DSKEW3707"", ""DSMXS8409"", ""DTQTJ0507"", ""DTYDP5264"", ""DWCTD3003"", ""DWMLU4849"", ""DWMUZ3935"", ""DWRMS8182"", ""DXEMM9791"", ""DXHYE9278"", ""DXIGM4223"", ""DYHTK6723"", ""DZCNZ4799""]",40,ac105b0c4f9ba69a
1,40,16,76557285,4076309456,"[""DAMWS8859"", ""DAPJK7781"", ""DARLP7776"", ""DAWUS6556"", ""DAYYE9472"", ""DBIRF2035"", ""DBLXJ4454"", ""DCFVE7122"", ""DCQTB2627"", ""DDLSL3066"", ""DEIDA3268"", ""DFAKZ8204"", ""DFKYH6865"", ""DFQDK6326"", ""DFRKF1779"", ""DHQVH8975"", ""DHSIJ5379"", ""DHZTI7858"", ""DIEET8865"", ""DIFIV9884"", ""DIRJX6254"", ""DJCYU2364"", ""DJJVG1917"", ""DKDJK5693"", ""DLTCH1397"", ""DLZBV6061"", ""DMMAG3845"", ""DNFCT5518"", ""DPCUT7707"", ""DQWCU6663"", ""DQZIL1804"", ""DRJGY6541"", ""DRZTP3103"", ""DSKEW3707"", ""DUDWN9545"", ""DUIZW8642"", ""DVPZF1960"", ""DWTBK5575"", ""DXEMM9791"", ""DYWWS0378""]",40,867ec8f4f66add30
1,40,17,3747237135,3121319564,"[""DBCBA3610"", ""DBIRF2035"", ""DCAFN1583"", ""DDCVA2276"", ""DDLSL3066"", ""DDQNT6485"", ""DFESS1920"", ""DFFDA0268"", ""DFKYP0941"", ""DFQDK6326"", ""DGTGR9009"", ""DGZUS1041"", ""DHCXV0760"", ""DICQL6656"", ""DITUY8368"", ""DKISS7174"", ""DKNMF4367"", ""DKUAZ4434"", ""DMAEX1156"", ""DMARJ5120"", ""DPBXQ5234"", ""DPDDG5192"", ""DQABT4506"", ""DQAJZ3770"", ""DQGPJ5322"", ""DQIUL8061"", ""DQJVA6225"", ""DQWCU6663"", ""DRCSL7614"", ""DSKEW3707"", ""DSMXS8409"", ""DSSQU9498"", ""DUBCZ6179"", ""DUSKD5383"", ""DUUZN2841"", ""DWTBK5575"", ""DWZPM1574"", ""DYLLV9237"", ""DYSHC8669"", ""DZBKX0961""]",40,72a0799468cda41e
1,40,18,2540740894,220072526,"[""DAETQ5676"", ""DAJHM7956"", ""DALBP5360"", ""DBCBA3610"", ""DCABM0358"", ""DCFVE7122"", ""DDGFW8206"", ""DEPLW3142"", ""DERZJ4600"", ""DFMDU1576"", ""DGAID0757"", ""DGDNA0617"", ""DHWLS6819"", ""DICQL6656"", ""DITUM6528"", ""DIUDG6358"", ""DIUZJ7853"", ""DIWKR9442"", ""DIXEX6164"", ""DJGDZ3688"", ""DLDVK7370"", ""DLIKU5639"", ""DMARJ5120"", ""DMLRY2750"", ""DMMAG3845"", ""DMVDY6300"", ""DNVBM2851"", ""DPBXQ5234"", ""DPQMK5751"", ""DQWCU6663"", ""DRILK5150"", ""DSMXS8409"", ""DSSQU9498"", ""DTKNM4892"", ""DTYDP5264"", ""DWGYM0810"", ""DWRMS8182"", ""DXUQX7513"", ""DZFFW4078"", ""DZFVS4727""]",40,03a80b0c4e964428
1,40,19,3382819978,3935196428,"[""DAHAJ0678"", ""DAJHM7956"", ""DAREG6245"", ""DARLP7776"", ""DAUPG9028"", ""DBDBP2246"", ""DCIJQ7018"", ""DCIRD2804"", ""DCYXM8877"", ""DDGFW8206"", ""DERZJ4600"", ""DFCTF9310"", ""DFDFU1164"", ""DFKYP0941"", ""DGTDZ6242"", ""DHJUH1119"", ""DHUBD2135"", ""DJIHM1001"", ""DKTWP2892"", ""DLDVK7370"", ""DLJWW1620"", ""DLVFF5341"", ""DMFEL5431"", ""DMHRT7456"", ""DNBEB5545"", ""DNBKU3560"", ""DPBXQ5234"", ""DPQLM7176"", ""DQIUL8061"", ""DQJDZ1252"", ""DRRDD3500"", ""DTVYY1142"", ""DUBCZ6179"", ""DUXLQ7589"", ""DVRBW4874"", ""DWRMS8182"", ""DWTBM7891"", ""DXHCB5919"", ""DYLLV9237"", ""DZIEF7974""]",40,d8ba714a16ef2ff9
1,40,20,691080012,347479165,"[""DAHAJ0678"", ""DAMWS8859"", ""DAPJK7781"", ""DAUPG9028"", ""DCIRD2804"", ""DCQTB2627"", ""DDHVZ6546"", ""DEJMD2536"", ""DERZJ4600"", ""DEWGT8066"", ""DEYGE9157"", ""DFKYP0941"", ""DFVRF7063"", ""DGZGL5338"", ""DHJUH1119"", ""DHZTI7858"", ""DJHFB1439"", ""DJJVG1917"", ""DJSLY4013"", ""DJWGZ0445"", ""DLFZU4679"", ""DLIKU5639"", ""DLNMW9381"", ""DLZBV6061"", ""DMAEX1156"", ""DNBEB5545"", ""DQUUS8611"", ""DTUGZ9693"", ""DUIZW8642"", ""DUSKD5383"", ""DUUZN2841"", ""DVCHA9392"", ""DWEWU1433"", ""DWGYM0810"", ""DXEMM9791"", ""DXHCB5919"", ""DXRZC4102"", ""DXWXZ1902"", ""DYSHC8669"", ""DZKWB0839""]",40,242a661be09d2cbd
1,40,21,2191605559,2450584486,"[""DAHWZ2321"", ""DCYXM8877"", ""DERZJ4600"", ""DFAKZ8204"", ""DFEAJ0038"", ""DFQDK6326"", ""DFVRF7063"", ""DGGGM0466"", ""DHBBM8531"", ""DHNQG0980"", ""DHSIJ5379"", ""DICQL6656"", ""DIWKR9442"", ""DIXEX6164"", ""DKTWP2892"", ""DKXFR1580"", ""DLTCH1397"", ""DMARJ5120"", ""DMHRT7456"", ""DNCCJ5144"", ""DNFCT5518"", ""DNVBM2851"", ""DPDDG5192"", ""DQVGW1846"", ""DQXJA8041"", ""DRCQU4244"", ""DRDMU5348"", ""DRILK5150"", ""DRRDD3500"", ""DSHWY2305"", ""DTKNM4892"", ""DTYDP5264"", ""DWBTT8209"", ""DWFRI5691"", ""DWMLU4849"", ""DXUQX7513"", ""DXXAJ4778"", ""DYRMT9480"", ""DZIHS7092"", ""DZKWB0839""]",40,0d9620ed285d068c
1,40,22,2773672252,3894453023,"[""DAREG6245"", ""DAUPG9028"", ""DBDSX9338"", ""DBTKW5792"", ""DCAFN1583"", ""DDGFW8206"", ""DEIDA3268"", ""DERZJ4600"", ""DFAKZ8204"", ""DFDVG9143"", ""DFKYP0941"", ""DGHRH9009"", ""DGTDZ6242"", ""DHZTI7858"", ""DICQL6656"", ""DIWYY0447"", ""DIZEF3591"", ""DJGDZ3688"", ""DJSLY4013"", ""DKIJX6114"", ""DKUAZ4434"", ""DMLFU0523"", ""DMTRR1120"", ""DMYYS7663"", ""DPMHQ8304"", ""DPWHE0976"", ""DQVFE3070"", ""DQZEA3135"", ""DRYBG8957"", ""DTYDP5264"", ""DVCHA9392"", ""DVPEA0040"", ""DVRBW4874"", ""DVWMK9661"", ""DWEWU1433"", ""DWGYM0810"", ""DWTBK5575"", ""DYRMT9480"", ""DZBKX0961"", ""DZLAV7766""]",40,20dceec91e60a8fe
1,40,23,2408436179,331948957,"[""DALBP5360"", ""DAREG6245"", ""DBCBA3610"", ""DCIRD2804"", ""DDHVZ6546"", ""DDQNT6485"", ""DFAKZ8204"", ""DFDVG9143"", ""DFESS1920"", ""DGGGM0466"", ""DHIBT9527"", ""DITUY8368"", ""DJGDZ3688"", ""DKDJK5693"", ""DKWDP4373"", ""DLDVK7370"", ""DMAFX5938"", ""DMHRT7456"", ""DMLBL6950"", ""DPQLM7176"", ""DQABT4506"", ""DQJVA6225"", ""DQRVM2041"", ""DQTUI1287"", ""DRCQU4244"", ""DRQFY3540"", ""DTKNM4892"", ""DUNKA8014"", ""DVNGV1890"", ""DVPEA0040"", ""DVPZF1960"", ""DWZRL1539"", ""DXHCB5919"", ""DXIGM4223"", ""DYHTK6723"", ""DYRMT9480"", ""DZCNZ4799"", ""DZIHS7092"", ""DZKWB0839"", ""DZLAV7766""]",40,64d859812b132a05
1,40,24,1585412623,3911332079,"[""DBCBA3610"", ""DBDBP2246"", ""DBIRF2035"", ""DBTKW5792"", ""DBYCW6873"", ""DEPLW3142"", ""DEYGE9157"", ""DFAQM2360"", ""DFKYH6865"", ""DFRSA4000"", ""DFVRF7063"", ""DGDNA0617"", ""DGHRH9009"", ""DGTDZ6242"", ""DIEET8865"", ""DIIPF3878"", ""DITUM6528"", ""DKXFR1580"", ""DLDVK7370"", ""DMAFX5938"", ""DMHRT7456"", ""DMKJB8675"", ""DMYYS7663"", ""DPDDG5192"", ""DPMHQ8304"", ""DPPCP3370"", ""DQGPJ5322"", ""DRJGY6541"", ""DSHWY2305"", ""DTCRA7818"", ""DUDWN9545"", ""DVCHA9392"", ""DVNGV1890"", ""DWBTT8209"", ""DXHCB5919"", ""DXRZC4102"", ""DXXAJ4778"", ""DYLLV9237"", ""DZBKX0961"", ""DZKWB0839""]",40,3a38806c7a03e21c
1,40,25,3690994133,4079344366,"[""DACZY2913"", ""DAJHM7956"", ""DALBP5360"", ""DBTKW5792"", ""DCIRD2804"", ""DFAKZ8204"", ""DFCTF9310"", ""DFDFU1164"", ""DFIRX1818"", ""DFRSA4000"", ""DGAID0757"", ""DHIBT9527"", ""DHJUH1119"", ""DIQKT3554"", ""DIRJX6254"", ""DITUY8368"", ""DIXEX6164"", ""DJJVG1917"", ""DKHYU9123"", ""DLNMW9381"", ""DLTCH1397"", ""DNBKU3560"", ""DNFCT5518"", ""DPWHE0976"", ""DQVFE3070"", ""DQZEA3135"", ""DQZIL1804"", ""DRDMU5348"", ""DRILK5150"", ""DSKEW3707"", ""DTQTJ0507"", ""DUDWN9545"", ""DVCMB9343"", ""DVPEA0040"", ""DWEIE9311"", ""DXRZC4102"", ""DYHTK6723"", ""DYWEY8508"", ""DYWHJ8696"", ""DZLAV7766""]",40,adf004302435dbe6
1,40,26,2833756702,1774808449,"[""DAHAJ0678"", ""DARLP7776"", ""DBCBA3610"", ""DBFUZ7169"", ""DBIRF2035"", ""DBIZF0451"", ""DBJPV1452"", ""DBMHJ0743"", ""DBYCW6873"", ""DCAFN1583"", ""DCYXM8877"", ""DFAQM2360"", ""DFCTF9310"", ""DFFDA0268"", ""DFRSA4000"", ""DGTGR9009"", ""DHCXV0760"", ""DHWLS6819"", ""DHZTI7858"", ""DITUY8368"", ""DKIJX6114"", ""DKISS7174"", ""DKNMF4367"", ""DLIKU5639"", ""DLJWW1620"", ""DMYFE2499"", ""DPBXQ5234"", ""DPQMK5751"", ""DPWHE0976"", ""DQXJA8041"", ""DRDMU5348"", ""DRILK5150"", ""DRZTP3103"", ""DUBCZ6179"", ""DUUZN2841"", ""DWGYM0810"", ""DWZPM1574"", ""DYUGS4351"", ""DZCNZ4799"", ""DZKWB0839""]",40,c167137cce5a064b
1,40,27,1405544095,114195359,"[""DAETQ5676"", ""DAHWZ2321"", ""DARLP7776"", ""DATLR2184"", ""DAWAP1896"", ""DBDSX9338"", ""DBFUZ7169"", ""DBLXJ4454"", ""DBTKW5792"", ""DCRJT8545"", ""DDVZB7943"", ""DEVFQ3796"", ""DFCTF9310"", ""DFDFU1164"", ""DFDVG9143"", ""DFKYH6865"", ""DFVRF7063"", ""DGTDZ6242"", ""DGTGR9009"", ""DHJUH1119"", ""DHUBD2135"", ""DIZEF3591"", ""DKDJK5693"", ""DKXFR1580"", ""DLUKV4510"", ""DMAFX5938"", ""DMLRY2750"", ""DMMAG3845"", ""DNEXF4696"", ""DPQLM7176"", ""DRJPX9457"", ""DSHWY2305"", ""DSKEW3707"", ""DTFVD6048"", ""DTUGZ9693"", ""DVPZF1960"", ""DXIGM4223"", ""DXWXZ1902"", ""DYWHJ8696"", ""DZUWB2477""]",40,c30209503ae105ee
1,40,28,1763222423,3900304928,"[""DAEXF8484"", ""DAPBK7657"", ""DAREG6245"", ""DAUPG9028"", ""DAYYE9472"", ""DBZCJ6205"", ""DEVFQ3796"", ""DFIBC1899"", ""DFNBI6922"", ""DGTGR9009"", ""DHJUH1119"", ""DHQVH8975"", ""DHUBD2135"", ""DIBVR6629"", ""DIVZD0266"", ""DJGDZ3688"", ""DJJWX4142"", ""DKISS7174"", ""DMAEX1156"", ""DMFEL5431"", ""DMLRY2750"", ""DPQMK5751"", ""DPWHE0976"", ""DQRVM2041"", ""DQWCU6663"", ""DQZEA3135"", ""DRCSL7614"", ""DRYBG8957"", ""DTCRA7818"", ""DTQTJ0507"", ""DUUZN2841"", ""DVCMB9343"", ""DVPEA0040"", ""DWEWU1433"", ""DWRMS8182"", ""DXEMM9791"", ""DXUQX7513"", ""DXWXZ1902"", ""DYRMT9480"", ""DZBKX0961""]",40,6d0b181191151e99
1,40,29,997790736,3526718099,"[""DACZY2913"", ""DAJHM7956"", ""DBFUZ7169"", ""DCIJQ7018"", ""DCIRD2804"", ""DCYXM8877"", ""DDCVA2276"", ""DDGFW8206"", ""DERZJ4600"", ""DFKYH6865"", ""DFNBI6922"", ""DFQDK6326"", ""DFRSA4000"", ""DHSIJ5379"", ""DHZTI7858"", ""DIFIV9884"", ""DITUY8368"", ""DIXUN6634"", ""DIZEF3591"", ""DKDJK5693"", ""DKHYU9123"", ""DKUAZ4434"", ""DLFZU4679"", ""DLIKU5639"", ""DMHRT7456"", ""DMSGP0807"", ""DMTRR1120"", ""DPMHQ8304"", ""DPQLM7176"", ""DRILK5150"", ""DRYBG8957"", ""DTVYY1142"", ""DUIZW8642"", ""DUUZN2841"", ""DUVHI0112"", ""DWEIE9311"", ""DWZPM1574"", ""DYWEY8508"", ""DYWHJ8696"", ""DZIEF7974""]",40,b15f6c585a14c077
1,40,30,497752117,3838538682,"[""DAEXF8484"", ""DAMWS8859"", ""DAPJK7781"", ""DAWAP1896"", ""DCABM0358"", ""DCQTB2627"", ""DCZQF3538"", ""DEJMD2536"", ""DFAQM2360"", ""DFDFU1164"", ""DHCXV0760"", ""DHIBT9527"", ""DHJUH1119"", ""DHQVH8975"", ""DHUBD2135"", ""DITUM6528"", ""DITUY8368"", ""DIWKR9442"", ""DKNMF4367"", ""DLNMW9381"", ""DLVFF5341"", ""DMAFX5938"", ""DMLRY2750"", ""DNEXF4696"", ""DQJVA6225"", ""DQXJA8041"", ""DRDMU5348"", ""DRHPF2920"", ""DRJPX9457"", ""DRQFY3540"", ""DRUBP9408"", ""DRYBG8957"", ""DUSKD5383"", ""DWMKK1484"", ""DXHYE9278"", ""DXUQX7513"", ""DYDVV6312"", ""DYGHJ0891"", ""DYUGS4351"", ""DYWHJ8696""]",40,2a403d7e4ea005a2
1,40,31,3376443105,1423346268,"[""DAEXF8484"", ""DALUY0194"", ""DDCVA2276"", ""DDGHI0125"", ""DDQNT6485"", ""DEVFQ3796"", ""DFAKZ8204"", ""DGDNA0617"", ""DGRCH4426"", ""DIFIV9884"", ""DIXEX6164"", ""DJCYU2364"", ""DJGDZ3688"", ""DJIHM1001"", ""DKISS7174"", ""DMLBL6950"", ""DMLRY2750"", ""DMTRR1120"", ""DMYFE2499"", ""DNUKL3524"", ""DPDDG5192"", ""DQIUL8061"", ""DQWCU6663"", ""DQXJA8041"", ""DQZIL1804"", ""DRILK5150"", ""DRJGY6541"", ""DRJPX9457"", ""DRZTP3103"", ""DSHWY2305"", ""DSKDX3738"", ""DSMXS8409"", ""DTFVD6048"", ""DTKNM4892"", ""DUDWN9545"", ""DWCTD3003"", ""DWTBK5575"", ""DXWXZ1902"", ""DZBKX0961"", ""DZCNZ4799""]",40,ceb0160de8a96c77
1,40,32,1114065840,2724821207,"[""DAYYE9472"", ""DCIJQ7018"", ""DFDVG9143"", ""DGRCH4426"", ""DHWLS6819"", ""DICQL6656"", ""DIIPF3878"", ""DIUDG6358"", ""DIWYY0447"", ""DKIJX6114"", ""DKWDP4373"", ""DLFZU4679"", ""DLNMW9381"", ""DMLFU0523"", ""DMLRY2750"", ""DMMAG3845"", ""DMTRR1120"", ""DMYYS7663"", ""DNBEB5545"", ""DNBKU3560"", ""DNUKL3524"", ""DPMWW4120"", ""DPPCP3370"", ""DPQMK5751"", ""DQABT4506"", ""DQIUL8061"", ""DQJVA6225"", ""DQVGW1846"", ""DQWCU6663"", ""DRDMU5348"", ""DRRDD3500"", ""DRYBG8957"", ""DTYDP5264"", ""DVCHA9392"", ""DVPZF1960"", ""DVWMK9661"", ""DXHCB5919"", ""DXUQX7513"", ""DYGHJ0891"", ""DZCNZ4799""]",40,4d2668cf98bb6098
1,40,33,2978131169,2726825562,"[""DAREG6245"", ""DAYYE9472"", ""DBLXJ4454"", ""DCQTB2627"", ""DDCVA2276"", ""DDLSL3066"", ""DDZMI3291"", ""DEJMD2536"", ""DEVFQ3796"", ""DEYGE9157"", ""DFEAJ0038"", ""DFKYP0941"", ""DHUBD2135"", ""DIEET8865"", ""DIFIV9884"", ""DIHMX0551"", ""DIWKR9442"", ""DJCYU2364"", ""DMAFX5938"", ""DMHRT7456"", ""DMTRR1120"", ""DNBEB5545"", ""DNEXF4696"", ""DPCUT7707"", ""DPNPJ6846"", ""DRRDD3500"", ""DSKDX3738"", ""DTUGZ9693"", ""DUBCZ6179"", ""DUGYZ8163"", ""DUNKA8014"", ""DVCMB9343"", ""DVRBW4874"", ""DVWMK9661"", ""DWZRL1539"", ""DXHYE9278"", ""DXXAJ4778"", ""DZIEF7974"", ""DZKWB0839"", ""DZTFU6199""]",40,3ed83f9c965030e1
1,40,34,1109045072,3370149162,"[""DACZY2913"", ""DARLP7776"", ""DATLR2184"", ""DBFUZ7169"", ""DBLXJ4454"", ""DCFVE7122"", ""DCQTB2627"", ""DCZQF3538"", ""DFIBC1899"", ""DFIRX1818"", ""DHJUH1119"", ""DHSIJ5379"", ""DIIPF3878"", ""DITUM6528"", ""DJWGZ0445"", ""DKISS7174"", ""DLUKV4510"", ""DMLFU0523"", ""DNUKL3524"", ""DPPCP3370"", ""DQWCU6663"", ""DQZIL1804"", ""DRJGY6541"", ""DRJPX9457"", ""DRQFY3540"", ""DRYBG8957"", ""DSHWY2305"", ""DTFVD6048"", ""DUGYZ8163"", ""DUSKD5383"", ""DUXLQ7589"", ""DWGYM0810"", ""DXUQX7513"", ""DYHTK6723"", ""DYZXT2661"", ""DZBHR9476"", ""DZFFW4078"", ""DZIEF7974"", ""DZIHS7092"", ""DZUWB2477""]",40,2981261e104a2168
1,40,35,2172497764,199029152,"[""DBIZF0451"", ""DBZCJ6205"", ""DCRJT8545"", ""DDCVA2276"", ""DDGHI0125"", ""DEPLW3142"", ""DFDVG9143"", ""DGGGM0466"", ""DGZUS1041"", ""DHSIJ5379"", ""DHUBD2135"", ""DHWLS6819"", ""DIBVR6629"", ""DIHMX0551"", ""DIQKT3554"", ""DIXUN6634"", ""DIZEF3591"", ""DKNMF4367"", ""DKTWP2892"", ""DKWDP4373"", ""DLFZU4679"", ""DMAFX5938"", ""DMFEL5431"", ""DMHRT7456"", ""DMIYV7889"", ""DMLBL6950"", ""DMLRY2750"", ""DMVDY6300"", ""DNBKU3560"", ""DQIUL8061"", ""DSKEW3707"", ""DUIZW8642"", ""DUSKD5383"", ""DUXLQ7589"", ""DVPZF1960"", ""DWEIE9311"", ""DXEMM9791"", ""DYGHJ0891"", ""DYUGS4351"", ""DZKWB0839""]",40,b92a45d8f5ab0078
1,40,36,3383622839,3486947161,"[""DACZY2913"", ""DBDBP2246"", ""DBIRF2035"", ""DBZCJ6205"", ""DCHTB8281"", ""DFFDA0268"", ""DFKYP0941"", ""DFRKF1779"", ""DFVRF7063"", ""DICQL6656"", ""DIWYY0447"", ""DJWGZ0445"", ""DKRXT7147"", ""DMMAG3845"", ""DMYFE2499"", ""DPMHQ8304"", ""DQJDZ1252"", ""DQVGW1846"", ""DRCQU4244"", ""DRCSL7614"", ""DRDZF3698"", ""DSKDX3738"", ""DSKEW3707"", ""DTFVD6048"", ""DTQTJ0507"", ""DTUGZ9693"", ""DTYDP5264"", ""DUGYZ8163"", ""DUNKA8014"", ""DUUZN2841"", ""DVRBW4874"", ""DWFRI5691"", ""DWGYM0810"", ""DWMUZ3935"", ""DXWXZ1902"", ""DYWWS0378"", ""DZIEF7974"", ""DZKWB0839"", ""DZLAV7766"", ""DZUWB2477""]",40,9f1c79540da2a8a3
1,40,37,931432117,1108953137,"[""DAETQ5676"", ""DAHAJ0678"", ""DAJHM7956"", ""DALUY0194"", ""DAUPG9028"", ""DBTKW5792"", ""DCIJQ7018"", ""DCIRD2804"", ""DDHVZ6546"", ""DFCTF9310"", ""DFDFU1164"", ""DFFDA0268"", ""DFKYH6865"", ""DFQDK6326"", ""DGRCH4426"", ""DHBBM8531"", ""DHQVH8975"", ""DICQL6656"", ""DIHMX0551"", ""DIUDG6358"", ""DKDJK5693"", ""DKIJX6114"", ""DKISS7174"", ""DLDVK7370"", ""DLFZU4679"", ""DLVFF5341"", ""DMHRT7456"", ""DMVDY6300"", ""DPNPJ6846"", ""DPQLM7176"", ""DQGPJ5322"", ""DRDZF3698"", ""DRJGY6541"", ""DSKEW3707"", ""DSSQU9498"", ""DTCRA7818"", ""DVPEA0040"", ""DVRBW4874"", ""DYRMT9480"", ""DZKWB0839""]",40,d22451275ced8e62
1,40,38,619465491,4093089601,"[""DAHAJ0678"", ""DAMWS8859"", ""DAYYE9472"", ""DCIRD2804"", ""DDGFW8206"", ""DDHVZ6546"", ""DEIDA3268"", ""DFFDA0268"", ""DFKYP0941"", ""DFNBI6922"", ""DGGGM0466"", ""DGKDK3415"", ""DHCXV0760"", ""DHQVH8975"", ""DHUBD2135"", ""DIXUN6634"", ""DJKZD4256"", ""DLDVK7370"", ""DLUKV4510"", ""DMFEL5431"", ""DMMRS6981"", ""DPNPJ6846"", ""DQVGW1846"", ""DRDMU5348"", ""DRILK5150"", ""DRUBP9408"", ""DTQTJ0507"", ""DTVYY1142"", ""DUNKA8014"", ""DVCMB9343"", ""DVPEA0040"", ""DVWMK9661"", ""DWMKK1484"", ""DWMLU4849"", ""DWTBM7891"", ""DYDVV6312"", ""DYUGS4351"", ""DYWWS0378"", ""DZFVS4727"", ""DZIHS7092""]",40,c8c810f1cbb9fd78
1,40,39,13883807,2443869637,"[""DACZY2913"", ""DAREG6245"", ""DAUPG9028"", ""DAYYE9472"", ""DCABM0358"", ""DEJMD2536"", ""DFAQM2360"", ""DFFDA0268"", ""DFVRF7063"", ""DHIBT9527"", ""DICQL6656"", ""DIHMX0551"", ""DIUDG6358"", ""DJIHM1001"", ""DJJWX4142"", ""DKDJK5693"", ""DLFZU4679"", ""DMKJB8675"", ""DMSGP0807"", ""DPQLM7176"", ""DPWHE0976"", ""DQIUL8061"", ""DRCQU4244"", ""DRCSL7614"", ""DRDMU5348"", ""DRRDD3500"", ""DRUBP9408"", ""DTKNM4892"", ""DTYDP5264"", ""DUBCZ6179"", ""DUNKA8014"", ""DVCMB9343"", ""DVPZF1960"", ""DWFRI5691"", ""DWMLU4849"", ""DWTBM7891"", ""DWZPM1574"", ""DWZRL1539"", ""DYLLV9237"", ""DYWEY8508""]",40,37964dcca11271c0
1,40,40,4019582175,827308761,"[""DAHAJ0678"", ""DAWUS6556"", ""DBJPV1452"", ""DERZJ4600"", ""DEVFQ3796"", ""DEWGT8066"", ""DFCTF9310"", ""DFDVG9143"", ""DFFDA0268"", ""DFKYH6865"", ""DFRKF1779"", ""DGGGM0466"", ""DGTDZ6242"", ""DGTGR9009"", ""DHNQG0980"", ""DIVZD0266"", ""DJCYU2364"", ""DJWGZ0445"", ""DKIJX6114"", ""DKRXT7147"", ""DLIKU5639"", ""DLZBV6061"", ""DMTRR1120"", ""DMYYS7663"", ""DNFCT5518"", ""DPBXQ5234"", ""DQABT4506"", ""DQVFE3070"", ""DRILK5150"", ""DSMXS8409"", ""DTQTJ0507"", ""DWBTT8209"", ""DWRMS8182"", ""DWZPM1574"", ""DYDVV6312"", ""DYWWS0378"", ""DZBKX0961"", ""DZFVS4727"", ""DZIHS7092"", ""DZTFU6199""]",40,6752d19c8480f9d2
1,40,41,3230768663,1013987322,"[""DATLR2184"", ""DAUPG9028"", ""DBDSX9338"", ""DCABM0358"", ""DCQTB2627"", ""DDVZB7943"", ""DFAQM2360"", ""DFCTF9310"", ""DFQDK6326"", ""DFRSA4000"", ""DGHRH9009"", ""DGRSB4646"", ""DHIBT9527"", ""DHJUH1119"", ""DIQKT3554"", ""DITUY8368"", ""DIWKR9442"", ""DIXEX6164"", ""DKUAZ4434"", ""DLUKV4510"", ""DMLBL6950"", ""DPCUT7707"", ""DPMHQ8304"", ""DPQLM7176"", ""DQZIL1804"", ""DRUBP9408"", ""DTFVD6048"", ""DTUGZ9693"", ""DUBCZ6179"", ""DUXLQ7589"", ""DVWMK9661"", ""DWEWU1433"", ""DWGYM0810"", ""DWRMS8182"", ""DWTBK5575"", ""DXHYE9278"", ""DXRZC4102"", ""DYLLV9237"", ""DZFVS4727"", ""DZIEF7974""]",40,c99f2a05a246dba5
1,40,42,1501199487,2201371326,"[""DAEXF8484"", ""DAHAJ0678"", ""DAJHM7956"", ""DAREG6245"", ""DBDBP2246"", ""DBIRF2035"", ""DBLXJ4454"", ""DBYCW6873"", ""DBZCJ6205"", ""DDCVA2276"", ""DDQNT6485"", ""DDZMI3291"", ""DEIDA3268"", ""DERZJ4600"", ""DFEAJ0038"", ""DFKYH6865"", ""DFKYP0941"", ""DGAID0757"", ""DGTGR9009"", ""DHIBT9527"", ""DIQKT3554"", ""DIWYY0447"", ""DJCYU2364"", ""DJIHM1001"", ""DJJWX4142"", ""DKNMF4367"", ""DKXFR1580"", ""DPDDG5192"", ""DPQLM7176"", ""DQRVM2041"", ""DSKDX3738"", ""DTFVD6048"", ""DTVYY1142"", ""DUBCZ6179"", ""DWRMS8182"", ""DXRZC4102"", ""DXWXZ1902"", ""DXXAJ4778"", ""DYDVV6312"", ""DYWHJ8696""]",40,5fde67bf70720cfe
1,40,43,3180889787,3842048131,"[""DAHAJ0678"", ""DAMWS8859"", ""DAREG6245"", ""DARLP7776"", ""DAWAP1896"", ""DAYYE9472"", ""DBFUZ7169"", ""DBMHJ0743"", ""DCAFN1583"", ""DCFVE7122"", ""DCHTB8281"", ""DEPLW3142"", ""DFRSA4000"", ""DGTDZ6242"", ""DHCXV0760"", ""DHUBD2135"", ""DHWLS6819"", ""DIFPQ7419"", ""DIWKR9442"", ""DJHFB1439"", ""DJWGZ0445"", ""DKXFR1580"", ""DMMRS6981"", ""DMYFE2499"", ""DQRVM2041"", ""DQZEA3135"", ""DRDMU5348"", ""DRHPF2920"", ""DSZQR8376"", ""DTCRA7818"", ""DVCHA9392"", ""DVNGV1890"", ""DWCTD3003"", ""DWEIE9311"", ""DWFRI5691"", ""DWGYM0810"", ""DWMLU4849"", ""DYWWS0378"", ""DYZXT2661"", ""DZFFW4078""]",40,b4921faa99b1e9ab
1,40,44,2032362452,3662191539,"[""DAJHM7956"", ""DDVZB7943"", ""DEJMD2536"", ""DFKYP0941"", ""DGKDK3415"", ""DHCXV0760"", ""DIBVR6629"", ""DIWKR9442"", ""DIXEX6164"", ""DIXUN6634"", ""DJGDZ3688"", ""DJJVG1917"", ""DKISS7174"", ""DKWDP4373"", ""DLVFF5341"", ""DMAFX5938"", ""DMARJ5120"", ""DNFCT5518"", ""DPCUT7707"", ""DPDDG5192"", ""DPMWW4120"", ""DQZEA3135"", ""DRDZF3698"", ""DRILK5150"", ""DRJPX9457"", ""DSHWY2305"", ""DSMXS8409"", ""DSSQU9498"", ""DSZQR8376"", ""DUGYZ8163"", ""DVPEA0040"", ""DWEIE9311"", ""DWEWU1433"", ""DWMLU4849"", ""DWZRL1539"", ""DXUQX7513"", ""DYDVV6312"", ""DYHTK6723"", ""DYRMT9480"", ""DYZXT2661""]",40,233754ebae24bfed
1,40,45,3235563562,3248967690,"[""DAPJK7781"", ""DAREG6245"", ""DAWUS6556"", ""DBJPV1452"", ""DBMHJ0743"", ""DCFVE7122"", ""DDVZB7943"", ""DEWGT8066"", ""DFFDA0268"", ""DGHRH9009"", ""DGRCH4426"", ""DHWLS6819"", ""DIIPF3878"", ""DIUDG6358"", ""DIXEX6164"", ""DIZEF3591"", ""DJHFB1439"", ""DKIJX6114"", ""DKUAZ4434"", ""DMIYV7889"", ""DNFCT5518"", ""DPMHQ8304"", ""DPMWW4120"", ""DQJDZ1252"", ""DQUUS8611"", ""DQVFE3070"", ""DRRDD3500"", ""DRUBP9408"", ""DRZTP3103"", ""DSKEW3707"", ""DTVYY1142"", ""DTYDP5264"", ""DUDWN9545"", ""DVCHA9392"", ""DWBTT8209"", ""DWCTD3003"", ""DWEIE9311"", ""DWEWU1433"", ""DXHCB5919"", ""DZBHR9476""]",40,ba844050e0ca5613
1,40,46,104477578,4189810476,"[""DAHAJ0678"", ""DAYYE9472"", ""DBFUZ7169"", ""DBZCJ6205"", ""DCFVE7122"", ""DCIJQ7018"", ""DCYXM8877"", ""DEPLW3142"", ""DEYGE9157"", ""DFAKZ8204"", ""DFDVG9143"", ""DFNBI6922"", ""DGGGM0466"", ""DHQVH8975"", ""DIQKT3554"", ""DIVZD0266"", ""DIXEX6164"", ""DJHFB1439"", ""DJKZD4256"", ""DJSLY4013"", ""DKDJK5693"", ""DKHYU9123"", ""DKXFR1580"", ""DLJWW1620"", ""DMSGP0807"", ""DMTRR1120"", ""DPMWW4120"", ""DQRVM2041"", ""DRJPX9457"", ""DTUGZ9693"", ""DUUZN2841"", ""DVCMB9343"", ""DVNGV1890"", ""DWCTD3003"", ""DWGYM0810"", ""DWZPM1574"", ""DYWEY8508"", ""DYWWS0378"", ""DZFVS4727"", ""DZKWB0839""]",40,7a9e5391642910d0
1,40,47,2081852727,2971311522,"[""DACZY2913"", ""DALBP5360"", ""DBIRF2035"", ""DCIRD2804"", ""DCRJT8545"", ""DDHVZ6546"", ""DDLSL3066"", ""DFMDU1576"", ""DFNBI6922"", ""DFRSA4000"", ""DHNQG0980"", ""DHSIJ5379"", ""DIFIV9884"", ""DIUZJ7853"", ""DJSLY4013"", ""DKDJK5693"", ""DKXFR1580"", ""DLJWW1620"", ""DMAFX5938"", ""DMHRT7456"", ""DMIYV7889"", ""DMKJB8675"", ""DMMAG3845"", ""DMSGP0807"", ""DNEXF4696"", ""DQVGW1846"", ""DQZIL1804"", ""DRCQU4244"", ""DRDZF3698"", ""DSHWY2305"", ""DSHYP2656"", ""DTFVD6048"", ""DTKNM4892"", ""DUDWN9545"", ""DUUZN2841"", ""DUVHI0112"", ""DUXLQ7589"", ""DVRBW4874"", ""DXWXZ1902"", ""DZFVS4727""]",40,7413ab6c87a913cc
1,40,48,224022409,743734358,"[""DAPJK7781"", ""DAYYE9472"", ""DBDSX9338"", ""DBIZF0451"", ""DBLXJ4454"", ""DDQNT6485"", ""DEYGE9157"", ""DGGGM0466"", ""DHNQG0980"", ""DHWLS6819"", ""DIFPQ7419"", ""DIXEX6164"", ""DJGDZ3688"", ""DJIHM1001"", ""DJJVG1917"", ""DLFZU4679"", ""DLTCH1397"", ""DMAEX1156"", ""DMKJB8675"", ""DMLBL6950"", ""DMSGP0807"", ""DPMWW4120"", ""DPQLM7176"", ""DQJVA6225"", ""DQTUI1287"", ""DRCQU4244"", ""DRDMU5348"", ""DRZTP3103"", ""DSHWY2305"", ""DSZQR8376"", ""DTUGZ9693"", ""DUXLQ7589"", ""DVCHA9392"", ""DWFRI5691"", ""DWMUZ3935"", ""DXUQX7513"", ""DYUGS4351"", ""DYWEY8508"", ""DYWHJ8696"", ""DZFVS4727""]",40,f0f1dbdb536fccca
1,40,49,2343863184,4178064565,"[""DAEXF8484"", ""DAJHM7956"", ""DALUY0194"", ""DAMWS8859"", ""DBZCJ6205"", ""DDGHI0125"", ""DDLSL3066"", ""DEWGT8066"", ""DFAQM2360"", ""DGTGR9009"", ""DHCXV0760"", ""DHQVH8975"", ""DHUBD2135"", ""DHWLS6819"", ""DICQL6656"", ""DIUZJ7853"", ""DJGDZ3688"", ""DKIJX6114"", ""DKWDP4373"", ""DLDVK7370"", ""DLIKU5639"", ""DLUKV4510"", ""DMARJ5120"", ""DMLFU0523"", ""DNEXF4696"", ""DPNPJ6846"", ""DPWHE0976"", ""DQABT4506"", ""DRJPX9457"", ""DSHWY2305"", ""DUDWN9545"", ""DVCHA9392"", ""DWEIE9311"", ""DWZRL1539"", ""DXEMM9791"", ""DXHCB5919"", ""DYRMT9480"", ""DYUGS4351"", ""DYWHJ8696"", ""DZIHS7092""]",40,be23117c2016ff2d
